timestamp, temperature_gpu, power_draw_w, power_limit_w, utilization_gpu, utilization_memory, memory_used_mib, memory_free_mib, clocks_throttle_reasons_active, clocks_current_sm_mhz, clocks_applications_graphics_mhz, clocks_current_memory_mhz, clocks_max_memory_mhz, pstate
1669272687435795980, 42, 29, 280, 0, 0, 387, 25382, 1, 300, 1350, 405, 7001, 8
1669272687463882959, 42, 29, 280, 0, 0, 393, 25376, 1, 300, 1350, 405, 7001, 8
1669272687608626163, 42, 29, 280, 0, 0, 393, 25376, 1, 300, 1350, 405, 7001, 8
1669272687637115400, 42, 29, 280, 0, 0, 393, 25376, 1, 300, 1350, 405, 7001, 8
1669272687663253438, 42, 29, 280, 0, 0, 393, 25376, 1, 300, 1350, 405, 7001, 8
1669272687689004316, 42, 29, 280, 0, 0, 393, 25376, 1, 300, 1350, 405, 7001, 8
1669272687714602385, 42, 29, 280, 0, 0, 393, 25376, 1, 300, 1350, 405, 7001, 8
1669272687744180882, 42, 29, 280, 0, 0, 393, 25376, 1, 300, 1350, 405, 7001, 8
1669272687770550382, 42, 29, 280, 0, 0, 393, 25376, 1, 300, 1350, 405, 7001, 8
1669272687796397278, 42, 29, 280, 0, 0, 393, 25376, 1, 300, 1350, 405, 7001, 8
1669272687824710228, 42, 29, 280, 0, 0, 393, 25376, 1, 300, 1350, 405, 7001, 8
1669272687850598655, 42, 29, 280, 0, 0, 393, 25376, 1, 300, 1350, 405, 7001, 8
1669272687878799368, 42, 29, 280, 0, 0, 393, 25376, 1, 300, 1350, 405, 7001, 8
1669272687906641483, 42, 29, 280, 0, 0, 393, 25376, 0, 1350, 1350, 7000, 7001, 0
1669272687967782809, 42, 36, 280, 0, 0, 395, 25373, 0, 1350, 1350, 7000, 7001, 0
1669272687988540259, 42, 36, 280, 0, 0, 396, 25372, 0, 1350, 1350, 7000, 7001, 0
1669272688006348908, 42, 36, 280, 0, 0, 401, 25368, 0, 1350, 1350, 7000, 7001, 0
1669272688026243421, 42, 36, 280, 0, 0, 401, 25368, 0, 1350, 1350, 7000, 7001, 0
1669272688043219693, 42, 36, 280, 0, 0, 428, 25341, 0, 1350, 1350, 7000, 7001, 0
1669272688066149327, 42, 63, 280, 0, 0, 430, 25339, 0, 1350, 1350, 7000, 7001, 0
1669272688086708176, 43, 63, 280, 1, 0, 549, 25219, 0, 1350, 1350, 6500, 7001, 2
1669272688119208311, 43, 63, 280, 1, 0, 558, 25211, 0, 1350, 1350, 6500, 7001, 2
1669272688137571997, 43, 63, 280, 1, 0, 558, 25211, 0, 1350, 1350, 6500, 7001, 2
1669272688156025657, 43, 63, 280, 1, 0, 558, 25211, 0, 1350, 1350, 6500, 7001, 2
1669272688173961486, 43, 68, 280, 1, 0, 558, 25211, 0, 1350, 1350, 6500, 7001, 2
1669272688192291968, 43, 68, 280, 1, 0, 558, 25211, 0, 1350, 1350, 6500, 7001, 2
1669272688210582688, 43, 68, 280, 1, 0, 558, 25211, 0, 1350, 1350, 6500, 7001, 2
1669272688228828914, 43, 68, 280, 1, 0, 558, 25211, 0, 1350, 1350, 6500, 7001, 2
1669272688249175666, 43, 68, 280, 1, 0, 558, 25211, 0, 1350, 1350, 6500, 7001, 2
1669272688267846800, 43, 74, 280, 1, 0, 558, 25211, 0, 1350, 1350, 6500, 7001, 2
1669272688286052835, 43, 74, 280, 1, 0, 558, 25211, 0, 1350, 1350, 6500, 7001, 2
1669272688306194224, 43, 74, 280, 1, 0, 558, 25211, 0, 1350, 1350, 6500, 7001, 2
1669272688325794886, 43, 74, 280, 1, 0, 558, 25211, 0, 1350, 1350, 6500, 7001, 2
1669272688345911679, 43, 74, 280, 1, 0, 558, 25211, 0, 1350, 1350, 6500, 7001, 2
1669272688366047018, 43, 74, 280, 1, 0, 558, 25211, 0, 1350, 1350, 6500, 7001, 2
1669272688386002623, 43, 74, 280, 1, 0, 558, 25211, 0, 1350, 1350, 6500, 7001, 2
1669272688406160114, 43, 74, 280, 1, 0, 558, 25211, 0, 1350, 1350, 6500, 7001, 2
1669272688426236262, 43, 74, 280, 1, 0, 558, 25211, 0, 1350, 1350, 6500, 7001, 2
1669272688446476865, 43, 74, 280, 1, 0, 558, 25211, 0, 1350, 1350, 6500, 7001, 2
1669272688466926959, 43, 74, 280, 1, 0, 598, 25171, 0, 1350, 1350, 6500, 7001, 2
1669272688485292050, 43, 74, 280, 1, 0, 598, 25171, 0, 1350, 1350, 6500, 7001, 2
1669272688503910699, 43, 74, 280, 1, 0, 598, 25171, 0, 1350, 1350, 6500, 7001, 2
1669272688525407218, 43, 74, 280, 1, 0, 3819, 21950, 0, 1350, 1350, 6500, 7001, 2
1669272688544577270, 43, 74, 280, 1, 0, 3819, 21950, 0, 1350, 1350, 6500, 7001, 2
1669272688562331069, 43, 75, 280, 1, 0, 3819, 21950, 0, 1350, 1350, 6500, 7001, 2
1669272688578748822, 43, 75, 280, 1, 0, 3819, 21950, 0, 1350, 1350, 6500, 7001, 2
1669272688595227977, 43, 75, 280, 1, 0, 3819, 21950, 0, 1350, 1350, 6500, 7001, 2
1669272688613764735, 43, 75, 280, 1, 0, 3819, 21950, 0, 1350, 1350, 6500, 7001, 2
1669272688630169012, 43, 75, 280, 1, 0, 3819, 21950, 0, 1350, 1350, 6500, 7001, 2
1669272688647868641, 43, 75, 280, 1, 0, 3819, 21950, 0, 1350, 1350, 6500, 7001, 2
1669272688666396594, 43, 75, 280, 1, 0, 3819, 21950, 0, 1350, 1350, 6500, 7001, 2
1669272688684471137, 43, 75, 280, 1, 0, 3819, 21950, 0, 1350, 1350, 6500, 7001, 2
1669272688700953271, 43, 75, 280, 1, 0, 3819, 21950, 0, 1350, 1350, 6500, 7001, 2
1669272688718041638, 43, 75, 280, 1, 0, 3819, 21950, 0, 1350, 1350, 6500, 7001, 2
1669272688735830744, 43, 75, 280, 1, 0, 3819, 21950, 0, 1350, 1350, 6500, 7001, 2
1669272688752446839, 43, 75, 280, 1, 0, 3819, 21950, 0, 1350, 1350, 6500, 7001, 2
1669272688770364569, 43, 75, 280, 1, 0, 3819, 21950, 0, 1350, 1350, 6500, 7001, 2
1669272688790377403, 43, 75, 280, 1, 0, 3819, 21950, 0, 1350, 1350, 6500, 7001, 2
1669272688808768249, 43, 75, 280, 1, 0, 3819, 21950, 0, 1350, 1350, 6500, 7001, 2
1669272688826276166, 43, 75, 280, 1, 0, 3819, 21950, 0, 1350, 1350, 6500, 7001, 2
1669272688842833652, 43, 75, 280, 1, 0, 3819, 21950, 0, 1350, 1350, 6500, 7001, 2
1669272688859170456, 43, 75, 280, 1, 0, 3819, 21950, 0, 1350, 1350, 6500, 7001, 2
1669272688877497814, 43, 75, 280, 1, 0, 3819, 21950, 0, 1350, 1350, 6500, 7001, 2
1669272688893848597, 43, 75, 280, 1, 0, 3819, 21950, 0, 1350, 1350, 6500, 7001, 2
1669272688912932705, 43, 75, 280, 1, 0, 3819, 21950, 0, 1350, 1350, 6500, 7001, 2
1669272688931604407, 43, 75, 280, 1, 0, 3819, 21950, 0, 1350, 1350, 6500, 7001, 2
1669272688949454411, 43, 75, 280, 1, 0, 3819, 21950, 0, 1350, 1350, 6500, 7001, 2
1669272688965975154, 43, 75, 280, 1, 0, 3819, 21950, 0, 1350, 1350, 6500, 7001, 2
1669272688983502204, 43, 75, 280, 1, 0, 3819, 21950, 0, 1350, 1350, 6500, 7001, 2
1669272688999877617, 43, 75, 280, 1, 0, 3819, 21950, 0, 1350, 1350, 6500, 7001, 2
1669272689016568032, 43, 75, 280, 1, 0, 3819, 21950, 0, 1350, 1350, 6500, 7001, 2
1669272689034191213, 43, 75, 280, 1, 0, 3819, 21950, 0, 1350, 1350, 6500, 7001, 2
1669272689052826273, 43, 75, 280, 1, 0, 3819, 21950, 0, 1350, 1350, 6500, 7001, 2
1669272689070258952, 43, 75, 280, 0, 0, 3821, 21948, 0, 1350, 1350, 6500, 7001, 2
1669272689109665406, 43, 75, 280, 0, 0, 3821, 21948, 0, 1350, 1350, 6500, 7001, 2
1669272689130661871, 43, 75, 280, 0, 0, 3821, 21948, 0, 1350, 1350, 6500, 7001, 2
1669272689147130850, 43, 75, 280, 0, 0, 3821, 21948, 0, 1350, 1350, 6500, 7001, 2
1669272689163580862, 43, 75, 280, 0, 0, 3821, 21948, 0, 1350, 1350, 6500, 7001, 2
1669272689180043733, 43, 75, 280, 0, 0, 3821, 21948, 0, 1350, 1350, 6500, 7001, 2
1669272689196870751, 43, 75, 280, 0, 0, 3821, 21948, 0, 1350, 1350, 6500, 7001, 2
1669272689215482832, 43, 75, 280, 0, 0, 3821, 21948, 0, 1350, 1350, 6500, 7001, 2
1669272689233662132, 43, 75, 280, 0, 0, 3821, 21948, 0, 1350, 1350, 6500, 7001, 2
1669272689250270998, 43, 75, 280, 0, 0, 3821, 21948, 0, 1350, 1350, 6500, 7001, 2
1669272689266699113, 43, 75, 280, 0, 0, 3821, 21948, 0, 1350, 1350, 6500, 7001, 2
1669272689284731183, 43, 75, 280, 0, 0, 3821, 21948, 0, 1350, 1350, 6500, 7001, 2
1669272689301168045, 43, 75, 280, 0, 0, 3821, 21948, 0, 1350, 1350, 6500, 7001, 2
1669272689318822898, 43, 75, 280, 0, 0, 3821, 21948, 0, 1350, 1350, 6500, 7001, 2
1669272689337282319, 43, 75, 280, 0, 0, 3821, 21948, 0, 1350, 1350, 6500, 7001, 2
1669272689354970784, 43, 75, 280, 0, 0, 3821, 21948, 0, 1350, 1350, 6500, 7001, 2
1669272689371478093, 43, 75, 280, 0, 0, 3821, 21948, 0, 1350, 1350, 6500, 7001, 2
1669272689388512415, 43, 75, 280, 0, 0, 3821, 21948, 0, 1350, 1350, 6500, 7001, 2
1669272689406836358, 43, 75, 280, 0, 0, 3821, 21948, 0, 1350, 1350, 6500, 7001, 2
1669272689423187872, 43, 75, 280, 0, 0, 3821, 21948, 0, 1350, 1350, 6500, 7001, 2
1669272689440864054, 43, 75, 280, 0, 0, 3821, 21948, 0, 1350, 1350, 6500, 7001, 2
1669272689459394559, 43, 75, 280, 0, 0, 3821, 21948, 0, 1350, 1350, 6500, 7001, 2
1669272689477162930, 43, 75, 280, 0, 0, 3821, 21948, 0, 1350, 1350, 6500, 7001, 2
1669272689494540852, 43, 75, 280, 0, 0, 3821, 21948, 0, 1350, 1350, 6500, 7001, 2
1669272689511201844, 43, 75, 280, 0, 0, 3821, 21948, 0, 1350, 1350, 6500, 7001, 2
1669272689529138379, 43, 75, 280, 0, 0, 3821, 21948, 0, 1350, 1350, 6500, 7001, 2
1669272689545581546, 43, 75, 280, 0, 0, 3821, 21948, 0, 1350, 1350, 6500, 7001, 2
1669272689562705555, 43, 75, 280, 0, 0, 3821, 21948, 0, 1350, 1350, 6500, 7001, 2
1669272689599083753, 43, 75, 280, 0, 0, 3823, 21946, 0, 1350, 1350, 6500, 7001, 2
1669272689622721686, 43, 75, 280, 0, 0, 3823, 21946, 0, 1350, 1350, 6500, 7001, 2
1669272689643972575, 43, 75, 280, 0, 0, 3823, 21946, 0, 1350, 1350, 6500, 7001, 2
1669272689662871017, 43, 75, 280, 0, 0, 3823, 21946, 0, 1350, 1350, 6500, 7001, 2
1669272689681999266, 43, 75, 280, 0, 0, 3823, 21946, 0, 1350, 1350, 6500, 7001, 2
1669272689699864469, 43, 75, 280, 0, 0, 3823, 21946, 0, 1350, 1350, 6500, 7001, 2
1669272689716349041, 43, 75, 280, 0, 0, 3823, 21946, 0, 1350, 1350, 6500, 7001, 2
1669272689732854719, 43, 75, 280, 0, 0, 3823, 21946, 0, 1350, 1350, 6500, 7001, 2
1669272689749433141, 43, 75, 280, 0, 0, 3823, 21946, 0, 1350, 1350, 6500, 7001, 2
1669272689766248192, 43, 75, 280, 0, 0, 3823, 21946, 0, 1350, 1350, 6500, 7001, 2
1669272689785124952, 43, 75, 280, 0, 0, 3823, 21946, 0, 1350, 1350, 6500, 7001, 2
1669272689802928396, 43, 75, 280, 0, 0, 3823, 21946, 0, 1350, 1350, 6500, 7001, 2
1669272689819430922, 43, 75, 280, 0, 0, 3823, 21946, 0, 1350, 1350, 6500, 7001, 2
1669272689835908699, 43, 75, 280, 0, 0, 3823, 21946, 0, 1350, 1350, 6500, 7001, 2
1669272689854518391, 43, 75, 280, 0, 0, 3823, 21946, 0, 1350, 1350, 6500, 7001, 2
1669272689874065528, 43, 75, 280, 0, 0, 3823, 21946, 0, 1350, 1350, 6500, 7001, 2
1669272689893805903, 43, 75, 280, 0, 0, 3823, 21946, 0, 1350, 1350, 6500, 7001, 2
1669272689911838833, 43, 75, 280, 0, 0, 3823, 21946, 0, 1350, 1350, 6500, 7001, 2
1669272689930283187, 43, 75, 280, 0, 0, 3823, 21946, 0, 1350, 1350, 6500, 7001, 2
1669272689951466546, 43, 75, 280, 0, 0, 3823, 21946, 0, 1350, 1350, 6500, 7001, 2
1669272689970935695, 43, 75, 280, 0, 0, 3823, 21946, 0, 1350, 1350, 6500, 7001, 2
1669272689991291634, 43, 75, 280, 0, 0, 3823, 21946, 0, 1350, 1350, 6500, 7001, 2
1669272690011646717, 43, 75, 280, 0, 0, 3823, 21946, 0, 1350, 1350, 6500, 7001, 2
1669272690032210868, 43, 75, 280, 0, 0, 3823, 21946, 0, 1350, 1350, 6500, 7001, 2
1669272690052965241, 43, 75, 280, 0, 0, 3823, 21946, 0, 1350, 1350, 6500, 7001, 2
1669272690073312380, 43, 75, 280, 0, 0, 3823, 21946, 0, 1350, 1350, 6500, 7001, 2
1669272690093933572, 43, 75, 280, 0, 0, 3823, 21946, 0, 1350, 1350, 6500, 7001, 2
1669272690114164687, 43, 75, 280, 0, 0, 3823, 21946, 0, 1350, 1350, 6500, 7001, 2
1669272690134650318, 43, 75, 280, 0, 0, 3823, 21946, 0, 1350, 1350, 6500, 7001, 2
1669272690181199362, 43, 75, 280, 0, 0, 3825, 21944, 0, 1350, 1350, 6500, 7001, 2
1669272690204002896, 43, 75, 280, 0, 0, 3825, 21944, 0, 1350, 1350, 6500, 7001, 2
1669272690222024324, 43, 75, 280, 0, 0, 3825, 21944, 0, 1350, 1350, 6500, 7001, 2
1669272690238557901, 43, 75, 280, 0, 0, 3825, 21944, 0, 1350, 1350, 6500, 7001, 2
1669272690255737197, 43, 75, 280, 0, 0, 3825, 21944, 0, 1350, 1350, 6500, 7001, 2
1669272690274526733, 43, 75, 280, 0, 0, 3825, 21944, 0, 1350, 1350, 6500, 7001, 2
1669272690293692433, 43, 75, 280, 0, 0, 3825, 21944, 0, 1350, 1350, 6500, 7001, 2
1669272690313324677, 43, 75, 280, 0, 0, 3825, 21944, 0, 1350, 1350, 6500, 7001, 2
1669272690331455003, 43, 75, 280, 0, 0, 3825, 21944, 0, 1350, 1350, 6500, 7001, 2
1669272690349125738, 43, 75, 280, 0, 0, 3825, 21944, 0, 1350, 1350, 6500, 7001, 2
1669272690366883849, 43, 75, 280, 0, 0, 3825, 21944, 0, 1350, 1350, 6500, 7001, 2
1669272690384546641, 43, 75, 280, 0, 0, 3825, 21944, 0, 1350, 1350, 6500, 7001, 2
1669272690404902718, 43, 75, 280, 0, 0, 3825, 21944, 0, 1350, 1350, 6500, 7001, 2
1669272690424660654, 43, 75, 280, 0, 0, 3825, 21944, 0, 1350, 1350, 6500, 7001, 2
1669272690444969182, 43, 75, 280, 0, 0, 3825, 21944, 0, 1350, 1350, 6500, 7001, 2
1669272690462045620, 43, 75, 280, 0, 0, 3825, 21944, 0, 1350, 1350, 6500, 7001, 2
1669272690480823168, 43, 75, 280, 0, 0, 3825, 21944, 0, 1350, 1350, 6500, 7001, 2
1669272690500895185, 43, 75, 280, 0, 0, 3825, 21944, 0, 1350, 1350, 6500, 7001, 2
1669272690520354259, 43, 75, 280, 0, 0, 3825, 21944, 0, 1350, 1350, 6500, 7001, 2
1669272690539014516, 43, 75, 280, 0, 0, 3825, 21944, 0, 1350, 1350, 6500, 7001, 2
1669272690557849020, 43, 75, 280, 0, 0, 3825, 21944, 0, 1350, 1350, 6500, 7001, 2
1669272690575811836, 43, 75, 280, 0, 0, 3825, 21944, 0, 1350, 1350, 6500, 7001, 2
1669272690593088832, 43, 75, 280, 0, 0, 3825, 21944, 0, 1350, 1350, 6500, 7001, 2
1669272690611508244, 43, 75, 280, 0, 0, 3825, 21944, 0, 1350, 1350, 6500, 7001, 2
1669272690629286063, 43, 75, 280, 0, 0, 3825, 21944, 0, 1350, 1350, 6500, 7001, 2
1669272690648979451, 43, 75, 280, 0, 0, 3825, 21944, 0, 1350, 1350, 6500, 7001, 2
1669272690669270377, 43, 75, 280, 0, 0, 3825, 21944, 0, 1350, 1350, 6500, 7001, 2
1669272690689803491, 43, 75, 280, 0, 0, 3825, 21944, 0, 1350, 1350, 6500, 7001, 2
1669272690711160776, 43, 75, 280, 0, 0, 3825, 21944, 0, 1350, 1350, 6500, 7001, 2
1669272690730842412, 43, 75, 280, 0, 0, 3825, 21944, 0, 1350, 1350, 6500, 7001, 2
1669272690751511223, 43, 75, 280, 0, 0, 3825, 21944, 0, 1350, 1350, 6500, 7001, 2
1669272690771381185, 43, 75, 280, 0, 0, 3825, 21944, 0, 1350, 1350, 6500, 7001, 2
1669272690791870148, 43, 75, 280, 0, 0, 3825, 21944, 0, 1350, 1350, 6500, 7001, 2
1669272690815845983, 43, 75, 280, 0, 0, 3825, 21944, 0, 1350, 1350, 6500, 7001, 2
1669272690832669407, 43, 75, 280, 0, 0, 3825, 21944, 0, 1350, 1350, 6500, 7001, 2
1669272690852765683, 44, 75, 280, 0, 0, 3825, 21944, 0, 1350, 1350, 6500, 7001, 2
1669272690873389916, 44, 75, 280, 0, 0, 3825, 21944, 0, 1350, 1350, 6500, 7001, 2
1669272690894274937, 44, 75, 280, 0, 0, 3825, 21944, 0, 1740, 1350, 6500, 7001, 2
1669272690915576723, 45, 120, 280, 0, 0, 3825, 21944, 4, 1830, 1350, 6500, 7001, 2
1669272690925870880, 45, 120, 280, 0, 0, 3825, 21944, 4, 1830, 1350, 6500, 7001, 2
1669272690929368771, 45, 120, 280, 0, 0, 3825, 21944, 4, 1830, 1350, 6500, 7001, 2
1669272690934973466, 46, 120, 280, 0, 0, 3825, 21944, 4, 1845, 1350, 6500, 7001, 2
1669272690944147911, 46, 120, 280, 0, 0, 3825, 21944, 4, 1845, 1350, 6500, 7001, 2
1669272690947585523, 46, 120, 280, 0, 0, 3825, 21944, 4, 1845, 1350, 6500, 7001, 2
1669272690951034614, 46, 120, 280, 0, 0, 3825, 21944, 4, 1845, 1350, 6500, 7001, 2
1669272690956687280, 46, 120, 280, 0, 0, 3825, 21944, 4, 1845, 1350, 6500, 7001, 2
1669272690962143081, 46, 120, 280, 0, 0, 3825, 21944, 4, 1845, 1350, 6500, 7001, 2
1669272690965753379, 46, 120, 280, 0, 0, 3825, 21944, 4, 1845, 1350, 6500, 7001, 2
1669272690969317829, 47, 120, 280, 0, 0, 3825, 21944, 4, 1845, 1350, 6500, 7001, 2
1669272690972891916, 47, 120, 280, 0, 0, 3825, 21944, 4, 1845, 1350, 6500, 7001, 2
1669272690977647611, 47, 120, 280, 0, 0, 3825, 21944, 4, 1845, 1350, 6500, 7001, 2
1669272690981203378, 47, 120, 280, 0, 0, 3825, 21944, 4, 1845, 1350, 6500, 7001, 2
1669272690984724081, 47, 120, 280, 0, 0, 3825, 21944, 4, 1845, 1350, 6500, 7001, 2
1669272690988365598, 47, 120, 280, 0, 0, 3825, 21944, 4, 1845, 1350, 6500, 7001, 2
1669272690991785891, 47, 120, 280, 0, 0, 3825, 21944, 4, 1845, 1350, 6500, 7001, 2
1669272690997422341, 47, 120, 280, 0, 0, 3825, 21944, 4, 1845, 1350, 6500, 7001, 2
1669272691000880527, 47, 120, 280, 0, 0, 3825, 21944, 4, 1845, 1350, 6500, 7001, 2
1669272691004395653, 47, 120, 280, 0, 0, 3825, 21944, 4, 1845, 1350, 6500, 7001, 2
1669272691008308064, 47, 268, 280, 0, 0, 3825, 21944, 4, 1845, 1350, 6500, 7001, 2
1669272691011764382, 47, 268, 280, 0, 0, 3825, 21944, 4, 1845, 1350, 6500, 7001, 2
1669272691017121090, 47, 268, 280, 0, 0, 3825, 21944, 4, 1845, 1350, 6500, 7001, 2
1669272691020508387, 47, 268, 280, 0, 0, 3825, 21944, 4, 1845, 1350, 6500, 7001, 2
1669272691024012049, 47, 268, 280, 0, 0, 3825, 21944, 4, 1845, 1350, 6500, 7001, 2
1669272691027533492, 48, 268, 280, 0, 0, 3825, 21944, 4, 1845, 1350, 6500, 7001, 2
1669272691030942827, 48, 268, 280, 0, 0, 3825, 21944, 4, 1845, 1350, 6500, 7001, 2
1669272691034354237, 48, 268, 280, 0, 0, 3825, 21944, 4, 1845, 1350, 6500, 7001, 2
1669272691039221957, 48, 268, 280, 0, 0, 3825, 21944, 4, 1845, 1350, 6500, 7001, 2
1669272691042703145, 48, 268, 280, 0, 0, 3825, 21944, 4, 1845, 1350, 6500, 7001, 2
1669272691047431382, 48, 268, 280, 0, 0, 3825, 21944, 4, 1845, 1350, 6500, 7001, 2
1669272691050844998, 48, 268, 280, 0, 0, 3825, 21944, 4, 1845, 1350, 6500, 7001, 2
1669272691054308814, 48, 268, 280, 0, 0, 3825, 21944, 4, 1845, 1350, 6500, 7001, 2
1669272691060063602, 48, 268, 280, 0, 0, 3825, 21944, 4, 1830, 1350, 6500, 7001, 2
1669272691068515867, 48, 268, 280, 0, 0, 3825, 21944, 4, 1830, 1350, 6500, 7001, 2
1669272691071991926, 48, 268, 280, 0, 0, 3825, 21944, 4, 1830, 1350, 6500, 7001, 2
1669272691075616104, 48, 268, 280, 0, 0, 3825, 21944, 4, 1830, 1350, 6500, 7001, 2
1669272691080801127, 48, 268, 280, 0, 0, 3825, 21944, 4, 1830, 1350, 6500, 7001, 2
1669272691084274488, 48, 268, 280, 0, 0, 3825, 21944, 4, 1830, 1350, 6500, 7001, 2
1669272691087629181, 48, 268, 280, 0, 0, 3825, 21944, 4, 1830, 1350, 6500, 7001, 2
1669272691090988481, 48, 268, 280, 0, 0, 3825, 21944, 4, 1830, 1350, 6500, 7001, 2
1669272691094369390, 48, 268, 280, 0, 0, 3825, 21944, 4, 1830, 1350, 6500, 7001, 2
1669272691099256077, 48, 268, 280, 0, 0, 3825, 21944, 4, 1830, 1350, 6500, 7001, 2
1669272691104440777, 48, 268, 280, 0, 0, 3825, 21944, 4, 1830, 1350, 6500, 7001, 2
1669272691107802259, 48, 268, 280, 0, 0, 3825, 21944, 4, 1830, 1350, 6500, 7001, 2
1669272691112716861, 48, 284, 280, 0, 0, 3825, 21944, 4, 1830, 1350, 6500, 7001, 2
1669272691116170562, 48, 284, 280, 0, 0, 3825, 21944, 4, 1830, 1350, 6500, 7001, 2
1669272691122000557, 48, 284, 280, 0, 0, 3825, 21944, 4, 1830, 1350, 6500, 7001, 2
1669272691126745739, 48, 284, 280, 46, 15, 3825, 21944, 4, 1830, 1350, 6500, 7001, 2
1669272691130388362, 48, 284, 280, 46, 15, 3825, 21944, 4, 1830, 1350, 6500, 7001, 2
1669272691134058629, 48, 284, 280, 46, 15, 3825, 21944, 4, 1830, 1350, 6500, 7001, 2
1669272691137685518, 48, 284, 280, 46, 15, 3825, 21944, 4, 1890, 1350, 6500, 7001, 2
1669272691149124748, 47, 284, 280, 46, 15, 3825, 21944, 4, 1890, 1350, 6500, 7001, 2
1669272691152717713, 47, 284, 280, 46, 15, 3825, 21944, 4, 1890, 1350, 6500, 7001, 2
1669272691156321290, 47, 284, 280, 46, 15, 3825, 21944, 4, 1890, 1350, 6500, 7001, 2
1669272691161357917, 47, 284, 280, 46, 15, 3825, 21944, 4, 1935, 1350, 6500, 7001, 2
1669272691170959873, 47, 284, 280, 46, 15, 3825, 21944, 4, 1935, 1350, 6500, 7001, 2
1669272691174680841, 47, 284, 280, 46, 15, 3825, 21944, 4, 1935, 1350, 6500, 7001, 2
1669272691178387862, 47, 284, 280, 46, 15, 3825, 21944, 4, 1935, 1350, 6500, 7001, 2
1669272691184247883, 47, 284, 280, 46, 15, 3825, 21944, 0, 1935, 1350, 6500, 7001, 2
1669272691188758080, 47, 284, 280, 46, 15, 3825, 21944, 0, 1935, 1350, 6500, 7001, 2
1669272691192400770, 47, 284, 280, 46, 15, 3825, 21944, 0, 1935, 1350, 6500, 7001, 2
1669272691196132536, 47, 284, 280, 46, 15, 3825, 21944, 0, 1935, 1350, 6500, 7001, 2
1669272691199851966, 47, 284, 280, 46, 15, 3825, 21944, 0, 1935, 1350, 6500, 7001, 2
1669272691206339818, 47, 284, 280, 46, 15, 3825, 21944, 0, 1935, 1350, 6500, 7001, 2
1669272691210100197, 47, 284, 280, 46, 15, 2751, 23017, 0, 1935, 1350, 6500, 7001, 2
1669272691216420502, 47, 152, 280, 46, 15, 604, 25165, 0, 1935, 1350, 6500, 7001, 2
1669272691221266073, 47, 152, 280, 46, 15, 604, 25165, 0, 1935, 1350, 6500, 7001, 2
1669272691256449029, 47, 152, 280, 46, 15, 604, 25165, 0, 1935, 1350, 6500, 7001, 2
1669272691259884343, 47, 152, 280, 46, 15, 604, 25165, 0, 1935, 1350, 6500, 7001, 2
1669272691265599166, 47, 152, 280, 46, 15, 604, 25165, 0, 1935, 1350, 6500, 7001, 2
1669272691270029696, 47, 152, 280, 46, 15, 604, 25165, 0, 1935, 1350, 6500, 7001, 2
1669272691274715057, 47, 152, 280, 46, 15, 604, 25165, 0, 1935, 1350, 6500, 7001, 2
1669272691278154880, 47, 152, 280, 46, 15, 604, 25165, 0, 1935, 1350, 6500, 7001, 2
1669272691281674670, 47, 152, 280, 46, 15, 604, 25165, 0, 1935, 1350, 6500, 7001, 2
1669272691286632107, 47, 152, 280, 46, 15, 604, 25165, 0, 1935, 1350, 6500, 7001, 2
1669272691290055414, 47, 152, 280, 46, 15, 604, 25165, 0, 1935, 1350, 6500, 7001, 2
1669272691293540598, 47, 152, 280, 46, 15, 604, 25165, 0, 1935, 1350, 6500, 7001, 2
1669272691297024397, 47, 152, 280, 46, 15, 604, 25165, 0, 1935, 1350, 6500, 7001, 2
1669272691300535437, 47, 152, 280, 46, 15, 604, 25165, 0, 1935, 1350, 6500, 7001, 2
1669272691305919247, 47, 152, 280, 46, 15, 604, 25165, 0, 1935, 1350, 6500, 7001, 2
1669272691309399112, 46, 152, 280, 46, 15, 604, 25165, 0, 1935, 1350, 6500, 7001, 2
1669272691312946242, 46, 152, 280, 46, 15, 604, 25165, 0, 1935, 1350, 6500, 7001, 2
1669272691317026159, 46, 138, 280, 46, 15, 604, 25165, 0, 1935, 1350, 6500, 7001, 2
1669272691320708792, 46, 138, 280, 46, 15, 604, 25165, 0, 1935, 1350, 6500, 7001, 2
1669272691325324028, 46, 138, 280, 46, 15, 604, 25165, 0, 1935, 1350, 6500, 7001, 2
1669272691328820326, 46, 138, 280, 46, 15, 604, 25165, 0, 1935, 1350, 6500, 7001, 2
1669272691332354270, 46, 138, 280, 46, 15, 604, 25165, 0, 1935, 1350, 6500, 7001, 2
1669272691335825382, 46, 138, 280, 46, 15, 604, 25165, 0, 1935, 1350, 6500, 7001, 2
1669272691339252971, 46, 138, 280, 46, 15, 604, 25165, 0, 1935, 1350, 6500, 7001, 2
1669272691342715816, 46, 138, 280, 46, 15, 604, 25165, 0, 1935, 1350, 6500, 7001, 2
1669272691348489990, 46, 138, 280, 46, 15, 604, 25165, 0, 1935, 1350, 6500, 7001, 2
1669272691351853018, 46, 138, 280, 46, 15, 604, 25165, 0, 1935, 1350, 6500, 7001, 2
1669272691355242823, 46, 138, 280, 46, 15, 604, 25165, 0, 1935, 1350, 6500, 7001, 2
1669272691358679116, 46, 138, 280, 46, 15, 604, 25165, 0, 1935, 1350, 6500, 7001, 2
1669272691362127969, 46, 138, 280, 46, 15, 604, 25165, 0, 1935, 1350, 6500, 7001, 2
1669272691368424942, 46, 138, 280, 46, 15, 604, 25165, 0, 1935, 1350, 6500, 7001, 2
1669272691371849299, 46, 138, 280, 46, 15, 604, 25165, 0, 1935, 1350, 6500, 7001, 2
1669272691376506055, 46, 138, 280, 46, 15, 604, 25165, 0, 1935, 1350, 6500, 7001, 2
1669272691379880800, 46, 138, 280, 46, 15, 604, 25165, 0, 1935, 1350, 6500, 7001, 2
1669272691383445652, 46, 138, 280, 46, 15, 604, 25165, 0, 1935, 1350, 6500, 7001, 2
1669272691389266094, 46, 138, 280, 46, 15, 604, 25165, 0, 1935, 1350, 6500, 7001, 2
1669272691392708523, 46, 138, 280, 46, 15, 604, 25165, 0, 1935, 1350, 6500, 7001, 2
1669272691396245495, 46, 138, 280, 46, 15, 604, 25165, 0, 1935, 1350, 6500, 7001, 2
1669272691399695481, 46, 138, 280, 46, 15, 604, 25165, 0, 1935, 1350, 6500, 7001, 2
1669272691403360410, 46, 138, 280, 46, 15, 604, 25165, 0, 1935, 1350, 6500, 7001, 2
1669272691409007331, 46, 138, 280, 46, 15, 604, 25165, 0, 1935, 1350, 6500, 7001, 2
1669272691412432379, 46, 138, 280, 46, 15, 604, 25165, 0, 1935, 1350, 6500, 7001, 2
1669272691415900365, 46, 138, 280, 46, 15, 604, 25165, 0, 1935, 1350, 6500, 7001, 2
1669272691419655740, 46, 136, 280, 46, 15, 604, 25165, 0, 1935, 1350, 6500, 7001, 2
1669272691423089747, 46, 136, 280, 46, 15, 604, 25165, 0, 1935, 1350, 6500, 7001, 2
1669272691428018098, 46, 136, 280, 46, 15, 604, 25165, 0, 1935, 1350, 6500, 7001, 2
1669272691431547898, 46, 136, 280, 46, 15, 604, 25165, 0, 1935, 1350, 6500, 7001, 2
1669272691434931085, 46, 136, 280, 46, 15, 604, 25165, 0, 1935, 1350, 6500, 7001, 2
1669272691464251784, 46, 136, 280, 46, 15, 602, 25167, 0, 1935, 1350, 6500, 7001, 2
1669272691470021657, 46, 136, 280, 46, 15, 602, 25167, 0, 1935, 1350, 6500, 7001, 2
1669272691473552249, 46, 136, 280, 46, 15, 602, 25167, 0, 1935, 1350, 6500, 7001, 2
1669272691477436215, 46, 136, 280, 46, 15, 602, 25167, 0, 1935, 1350, 6500, 7001, 2
1669272691480974421, 46, 136, 280, 46, 15, 602, 25167, 0, 1935, 1350, 6500, 7001, 2
1669272691484490093, 46, 136, 280, 46, 15, 602, 25167, 0, 1935, 1350, 6500, 7001, 2
1669272691490200248, 46, 136, 280, 46, 15, 602, 25167, 0, 1935, 1350, 6500, 7001, 2
1669272691493581216, 46, 136, 280, 46, 15, 602, 25167, 0, 1935, 1350, 6500, 7001, 2
1669272691497025384, 46, 136, 280, 46, 15, 602, 25167, 0, 1935, 1350, 6500, 7001, 2
1669272691500524420, 46, 136, 280, 46, 15, 602, 25167, 0, 1935, 1350, 6500, 7001, 2
1669272691504021968, 46, 136, 280, 46, 15, 602, 25167, 0, 1935, 1350, 6500, 7001, 2
1669272691507689177, 46, 136, 280, 46, 15, 602, 25167, 0, 1935, 1350, 6500, 7001, 2
1669272691511489671, 46, 136, 280, 46, 15, 602, 25167, 0, 1935, 1350, 6500, 7001, 2
1669272691514961252, 46, 136, 280, 46, 15, 602, 25167, 0, 1935, 1350, 6500, 7001, 2
1669272691518513879, 46, 137, 280, 46, 15, 602, 25167, 0, 1935, 1350, 6500, 7001, 2
1669272691522669460, 46, 137, 280, 46, 15, 602, 25167, 0, 1935, 1350, 6500, 7001, 2
1669272691526255282, 46, 137, 280, 46, 15, 602, 25167, 0, 1935, 1350, 6500, 7001, 2
1669272691532229578, 46, 137, 280, 46, 15, 602, 25167, 0, 1935, 1350, 6500, 7001, 2
1669272691535632817, 46, 137, 280, 46, 15, 602, 25167, 0, 1935, 1350, 6500, 7001, 2
1669272691539011841, 46, 137, 280, 46, 15, 602, 25167, 0, 1935, 1350, 6500, 7001, 2
1669272691542510607, 46, 137, 280, 46, 15, 602, 25167, 0, 1935, 1350, 6500, 7001, 2
1669272691545941991, 46, 137, 280, 46, 15, 602, 25167, 0, 1935, 1350, 6500, 7001, 2
1669272691551506422, 46, 137, 280, 46, 15, 602, 25167, 0, 1935, 1350, 6500, 7001, 2
1669272691554827094, 46, 137, 280, 46, 15, 602, 25167, 0, 1935, 1350, 6500, 7001, 2
1669272691558242199, 46, 137, 280, 46, 15, 602, 25167, 0, 1935, 1350, 6500, 7001, 2
1669272691561757021, 46, 137, 280, 46, 15, 602, 25167, 0, 1935, 1350, 6500, 7001, 2
1669272691565253211, 46, 137, 280, 46, 15, 602, 25167, 0, 1935, 1350, 6500, 7001, 2
1669272691568768214, 46, 137, 280, 46, 15, 602, 25167, 0, 1935, 1350, 6500, 7001, 2
1669272691573252058, 46, 137, 280, 46, 15, 602, 25167, 0, 1935, 1350, 6500, 7001, 2
1669272691576668470, 46, 137, 280, 46, 15, 602, 25167, 0, 1935, 1350, 6500, 7001, 2
1669272691580626584, 46, 137, 280, 46, 15, 602, 25167, 0, 1935, 1350, 6500, 7001, 2
1669272691584147829, 46, 137, 280, 46, 15, 602, 25167, 0, 1935, 1350, 6500, 7001, 2
1669272691587558762, 46, 137, 280, 46, 15, 602, 25167, 0, 1935, 1350, 6500, 7001, 2
1669272691593213807, 46, 137, 280, 46, 15, 602, 25167, 0, 1935, 1350, 6500, 7001, 2
1669272691596550482, 46, 137, 280, 46, 15, 602, 25167, 0, 1935, 1350, 6500, 7001, 2
1669272691600032091, 46, 137, 280, 46, 15, 602, 25167, 0, 1935, 1350, 6500, 7001, 2
1669272691603473873, 46, 137, 280, 46, 15, 602, 25167, 0, 1935, 1350, 6500, 7001, 2
1669272691606923972, 46, 137, 280, 46, 15, 602, 25167, 0, 1935, 1350, 6500, 7001, 2
1669272691611942610, 46, 137, 280, 46, 15, 602, 25167, 0, 1935, 1350, 6500, 7001, 2
1669272691615270036, 46, 137, 280, 46, 15, 602, 25167, 0, 1935, 1350, 6500, 7001, 2
1669272691618712256, 46, 137, 280, 46, 15, 602, 25167, 0, 1935, 1350, 6500, 7001, 2
1669272691622207999, 46, 137, 280, 46, 15, 602, 25167, 0, 1935, 1350, 6500, 7001, 2
1669272691625517711, 46, 137, 280, 46, 15, 602, 25167, 0, 1935, 1350, 6500, 7001, 2
1669272691629022749, 46, 137, 280, 46, 15, 602, 25167, 0, 1935, 1350, 6500, 7001, 2
1669272691634019987, 46, 137, 280, 46, 15, 602, 25167, 0, 1935, 1350, 6500, 7001, 2
1669272691637537798, 46, 137, 280, 46, 15, 602, 25167, 0, 1935, 1350, 6500, 7001, 2
1669272691731843059, 46, 137, 280, 46, 15, 598, 25171, 0, 1935, 1350, 6500, 7001, 2
1669272691735605833, 46, 137, 280, 46, 15, 598, 25171, 0, 1935, 1350, 6500, 7001, 2
1669272691739430091, 46, 137, 280, 46, 15, 598, 25171, 0, 1935, 1350, 6500, 7001, 2
1669272691743184251, 46, 137, 280, 46, 15, 598, 25171, 0, 1935, 1350, 6500, 7001, 2
1669272691746687269, 46, 137, 280, 46, 15, 598, 25171, 0, 1935, 1350, 6500, 7001, 2
1669272691750237289, 46, 137, 280, 46, 15, 598, 25171, 0, 1935, 1350, 6500, 7001, 2
1669272691755088420, 46, 137, 280, 46, 15, 598, 25171, 0, 1935, 1350, 6500, 7001, 2
1669272691758591588, 46, 137, 280, 46, 15, 598, 25171, 0, 1935, 1350, 6500, 7001, 2
1669272691761976318, 46, 137, 280, 46, 15, 598, 25171, 0, 1935, 1350, 6500, 7001, 2
1669272691765370056, 46, 137, 280, 46, 15, 598, 25171, 0, 1935, 1350, 6500, 7001, 2
1669272691768734165, 46, 137, 280, 46, 15, 598, 25171, 0, 1935, 1350, 6500, 7001, 2
1669272691773441212, 46, 137, 280, 46, 15, 598, 25171, 0, 1935, 1350, 6500, 7001, 2
1669272691777391149, 46, 137, 280, 46, 15, 598, 25171, 0, 1935, 1350, 6500, 7001, 2
1669272691780752219, 46, 137, 280, 46, 15, 598, 25171, 0, 1935, 1350, 6500, 7001, 2
1669272691784130642, 46, 137, 280, 46, 15, 598, 25171, 0, 1935, 1350, 6500, 7001, 2
1669272691787471806, 46, 137, 280, 46, 15, 598, 25171, 0, 1935, 1350, 6500, 7001, 2
1669272691790986676, 46, 137, 280, 46, 15, 598, 25171, 0, 1935, 1350, 6500, 7001, 2
1669272691795996048, 46, 137, 280, 46, 15, 598, 25171, 0, 1935, 1350, 6500, 7001, 2
1669272691799492800, 46, 137, 280, 46, 15, 598, 25171, 0, 1935, 1350, 6500, 7001, 2
1669272691802973588, 46, 137, 280, 46, 15, 598, 25171, 0, 1935, 1350, 6500, 7001, 2
1669272691806369597, 46, 137, 280, 46, 15, 598, 25171, 0, 1935, 1350, 6500, 7001, 2
1669272691809846240, 46, 137, 280, 46, 15, 598, 25171, 0, 1935, 1350, 6500, 7001, 2
1669272691815517105, 46, 137, 280, 46, 15, 598, 25171, 0, 1935, 1350, 6500, 7001, 2
1669272691818822990, 46, 137, 280, 46, 15, 598, 25171, 0, 1935, 1350, 6500, 7001, 2
1669272691822154591, 46, 137, 280, 46, 15, 598, 25171, 0, 1935, 1350, 6500, 7001, 2
1669272691826026879, 46, 137, 280, 46, 15, 598, 25171, 0, 1935, 1350, 6500, 7001, 2
1669272691829367762, 46, 137, 280, 46, 15, 598, 25171, 0, 1935, 1350, 6500, 7001, 2
1669272691832767494, 46, 137, 280, 46, 15, 598, 25171, 0, 1935, 1350, 6500, 7001, 2
1669272691836859108, 46, 137, 280, 46, 15, 598, 25171, 0, 1935, 1350, 6500, 7001, 2
1669272691840248888, 46, 137, 280, 46, 15, 598, 25171, 0, 1935, 1350, 6500, 7001, 2
1669272691843771736, 46, 137, 280, 46, 15, 598, 25171, 0, 1935, 1350, 6500, 7001, 2
1669272691847163827, 46, 137, 280, 46, 15, 598, 25171, 0, 1935, 1350, 6500, 7001, 2
1669272691850613836, 46, 137, 280, 46, 15, 598, 25171, 0, 1935, 1350, 6500, 7001, 2
1669272691855367379, 46, 137, 280, 46, 15, 598, 25171, 0, 1935, 1350, 6500, 7001, 2
1669272691858732245, 46, 137, 280, 46, 15, 598, 25171, 0, 1935, 1350, 6500, 7001, 2
1669272691862218426, 46, 137, 280, 46, 15, 598, 25171, 0, 1935, 1350, 6500, 7001, 2
1669272691865711715, 46, 137, 280, 46, 15, 598, 25171, 0, 1935, 1350, 6500, 7001, 2
1669272691869154933, 46, 137, 280, 46, 15, 598, 25171, 0, 1935, 1350, 6500, 7001, 2
1669272691872569999, 46, 137, 280, 46, 15, 598, 25171, 0, 1935, 1350, 6500, 7001, 2
1669272691877672541, 46, 137, 280, 46, 15, 598, 25171, 0, 1935, 1350, 6500, 7001, 2
1669272691881102953, 46, 137, 280, 46, 15, 598, 25171, 0, 1935, 1350, 6500, 7001, 2
1669272691884916158, 46, 137, 280, 46, 15, 598, 25171, 0, 1935, 1350, 6500, 7001, 2
1669272691888366092, 46, 137, 280, 46, 15, 598, 25171, 0, 1935, 1350, 6500, 7001, 2
1669272691891832355, 46, 137, 280, 46, 15, 598, 25171, 0, 1935, 1350, 6500, 7001, 2
1669272691897454479, 46, 137, 280, 46, 15, 598, 25171, 0, 1935, 1350, 6500, 7001, 2
1669272691900812706, 46, 137, 280, 46, 15, 598, 25171, 0, 1935, 1350, 6500, 7001, 2
1669272691904324755, 46, 137, 280, 46, 15, 598, 25171, 0, 1935, 1350, 6500, 7001, 2
1669272691907804569, 46, 137, 280, 46, 15, 598, 25171, 0, 1935, 1350, 6500, 7001, 2
1669272691911236761, 46, 137, 280, 46, 15, 598, 25171, 0, 1935, 1350, 6500, 7001, 2
1669272691914767514, 46, 137, 280, 46, 15, 598, 25171, 0, 1935, 1350, 6500, 7001, 2
1669272691918706381, 46, 137, 280, 46, 15, 598, 25171, 0, 1935, 1350, 6500, 7001, 2
1669272691922184711, 46, 137, 280, 46, 15, 598, 25171, 0, 1935, 1350, 6500, 7001, 2
1669272691925614616, 46, 137, 280, 46, 15, 598, 25171, 0, 1935, 1350, 6500, 7001, 2
1669272691929609959, 46, 137, 280, 46, 15, 598, 25171, 0, 1935, 1350, 6500, 7001, 2
1669272691933087992, 46, 137, 280, 46, 15, 598, 25171, 0, 1935, 1350, 6500, 7001, 2
1669272691938848035, 46, 137, 280, 46, 15, 598, 25171, 0, 1935, 1350, 6500, 7001, 2
1669272691942324583, 46, 137, 280, 46, 15, 598, 25171, 0, 1935, 1350, 6500, 7001, 2
1669272691945907850, 46, 137, 280, 46, 15, 598, 25171, 0, 1935, 1350, 6500, 7001, 2
1669272691949370505, 46, 137, 280, 46, 15, 598, 25171, 0, 1935, 1350, 6500, 7001, 2
1669272691952809880, 46, 137, 280, 46, 15, 598, 25171, 0, 1935, 1350, 6500, 7001, 2
1669272691958112073, 46, 137, 280, 46, 15, 598, 25171, 0, 1935, 1350, 6500, 7001, 2
1669272691961613659, 46, 137, 280, 46, 15, 598, 25171, 0, 1935, 1350, 6500, 7001, 2
1669272691965084407, 46, 137, 280, 46, 15, 598, 25171, 0, 1935, 1350, 6500, 7001, 2
1669272691968613550, 46, 137, 280, 46, 15, 598, 25171, 0, 1935, 1350, 6500, 7001, 2
1669272691972090084, 46, 137, 280, 46, 15, 598, 25171, 0, 1935, 1350, 6500, 7001, 2
1669272691975607758, 46, 137, 280, 46, 15, 598, 25171, 0, 1935, 1350, 6500, 7001, 2
1669272691979877500, 46, 137, 280, 46, 15, 598, 25171, 0, 1935, 1350, 6500, 7001, 2
1669272691983172842, 46, 137, 280, 46, 15, 598, 25171, 0, 1935, 1350, 6500, 7001, 2
1669272691986925498, 46, 137, 280, 46, 15, 598, 25171, 0, 1935, 1350, 6500, 7001, 2
1669272691990379165, 46, 137, 280, 46, 15, 598, 25171, 0, 1935, 1350, 6500, 7001, 2
1669272691993796345, 46, 137, 280, 46, 15, 598, 25171, 0, 1935, 1350, 6500, 7001, 2
1669272691999381715, 46, 137, 280, 46, 15, 598, 25171, 0, 1935, 1350, 6500, 7001, 2
1669272692002730656, 46, 137, 280, 46, 15, 598, 25171, 0, 1935, 1350, 6500, 7001, 2
1669272692006193979, 46, 137, 280, 46, 15, 598, 25171, 0, 1935, 1350, 6500, 7001, 2
1669272692009642433, 46, 137, 280, 46, 15, 598, 25171, 0, 1935, 1350, 6500, 7001, 2
1669272692013182682, 46, 137, 280, 46, 15, 598, 25171, 0, 1935, 1350, 6500, 7001, 2
1669272692016720352, 46, 137, 280, 46, 15, 598, 25171, 0, 1935, 1350, 6500, 7001, 2
1669272692020697612, 46, 137, 280, 46, 15, 598, 25171, 0, 1935, 1350, 6500, 7001, 2
1669272692024106961, 46, 137, 280, 46, 15, 598, 25171, 0, 1935, 1350, 6500, 7001, 2
1669272692027564348, 46, 137, 280, 46, 15, 598, 25171, 0, 1935, 1350, 6500, 7001, 2
1669272692031071714, 46, 137, 280, 46, 15, 598, 25171, 0, 1935, 1350, 6500, 7001, 2
1669272692034571605, 46, 137, 280, 46, 15, 598, 25171, 0, 1935, 1350, 6500, 7001, 2
1669272692040263145, 46, 137, 280, 46, 15, 598, 25171, 0, 1935, 1350, 6500, 7001, 2
1669272692043671528, 46, 137, 280, 46, 15, 598, 25171, 0, 1935, 1350, 6500, 7001, 2
1669272692047185702, 46, 137, 280, 46, 15, 598, 25171, 0, 1935, 1350, 6500, 7001, 2
1669272692050658644, 46, 137, 280, 46, 15, 598, 25171, 0, 1935, 1350, 6500, 7001, 2
1669272692054133271, 46, 137, 280, 46, 15, 598, 25171, 0, 1935, 1350, 6500, 7001, 2
1669272692057568210, 46, 137, 280, 46, 15, 598, 25171, 0, 1935, 1350, 6500, 7001, 2
1669272692061629284, 46, 137, 280, 46, 15, 598, 25171, 0, 1935, 1350, 6500, 7001, 2
1669272692065007044, 46, 137, 280, 46, 15, 598, 25171, 0, 1935, 1350, 6500, 7001, 2
1669272692068471855, 46, 137, 280, 46, 15, 598, 25171, 0, 1935, 1350, 6500, 7001, 2
1669272692071922243, 46, 137, 280, 46, 15, 598, 25171, 0, 1935, 1350, 6500, 7001, 2
1669272692075443596, 46, 137, 280, 46, 15, 598, 25171, 0, 1935, 1350, 6500, 7001, 2
1669272692081145553, 46, 137, 280, 46, 15, 598, 25171, 0, 1935, 1350, 6500, 7001, 2
1669272692084640666, 46, 137, 280, 46, 15, 598, 25171, 0, 1935, 1350, 6500, 7001, 2
1669272692088451911, 46, 137, 280, 46, 15, 598, 25171, 0, 1935, 1350, 6500, 7001, 2
1669272692091882853, 46, 137, 280, 46, 15, 598, 25171, 0, 1935, 1350, 6500, 7001, 2
1669272692095711410, 46, 137, 280, 46, 15, 598, 25171, 0, 1935, 1350, 6500, 7001, 2
1669272692101141051, 46, 137, 280, 46, 15, 598, 25171, 0, 1935, 1350, 6500, 7001, 2
1669272692104515907, 46, 137, 280, 46, 15, 598, 25171, 0, 1935, 1350, 6500, 7001, 2
1669272692107935368, 46, 137, 280, 46, 15, 598, 25171, 0, 1935, 1350, 6500, 7001, 2
1669272692111414263, 46, 137, 280, 46, 15, 598, 25171, 0, 1935, 1350, 6500, 7001, 2
1669272692114847549, 46, 137, 280, 46, 15, 598, 25171, 0, 1935, 1350, 6500, 7001, 2
1669272692118287826, 46, 137, 280, 46, 15, 598, 25171, 0, 1935, 1350, 6500, 7001, 2
1669272692122848616, 46, 137, 280, 46, 15, 598, 25171, 0, 1935, 1350, 6500, 7001, 2
1669272692126282749, 46, 137, 280, 46, 15, 598, 25171, 0, 1935, 1350, 6500, 7001, 2
1669272692129637642, 46, 137, 280, 46, 15, 598, 25171, 0, 1935, 1350, 6500, 7001, 2
1669272692134276697, 46, 137, 280, 46, 15, 598, 25171, 0, 1935, 1350, 6500, 7001, 2
1669272692137694169, 46, 137, 280, 46, 15, 598, 25171, 0, 1935, 1350, 6500, 7001, 2
1669272692143480327, 46, 137, 280, 46, 15, 598, 25171, 0, 1935, 1350, 6500, 7001, 2
1669272692146734730, 46, 137, 280, 14, 1, 598, 25171, 0, 1935, 1350, 6500, 7001, 2
1669272692150179154, 46, 137, 280, 14, 1, 598, 25171, 0, 1935, 1350, 6500, 7001, 2
1669272692153566759, 46, 137, 280, 14, 1, 598, 25171, 0, 1935, 1350, 6500, 7001, 2
1669272692156986972, 46, 137, 280, 14, 1, 598, 25171, 0, 1935, 1350, 6500, 7001, 2
1669272692161358377, 46, 137, 280, 14, 1, 598, 25171, 0, 1935, 1350, 6500, 7001, 2
1669272692164723504, 46, 137, 280, 14, 1, 598, 25171, 0, 1935, 1350, 6500, 7001, 2
1669272692168032920, 46, 137, 280, 14, 1, 598, 25171, 0, 1935, 1350, 6500, 7001, 2
1669272692171394719, 46, 137, 280, 14, 1, 598, 25171, 0, 1935, 1350, 6500, 7001, 2
1669272692174703823, 46, 137, 280, 14, 1, 598, 25171, 0, 1935, 1350, 6500, 7001, 2
1669272692178028494, 46, 137, 280, 14, 1, 598, 25171, 0, 1935, 1350, 6500, 7001, 2
1669272692183654839, 46, 137, 280, 14, 1, 598, 25171, 0, 1935, 1350, 6500, 7001, 2
1669272692187181458, 46, 137, 280, 14, 1, 598, 25171, 0, 1935, 1350, 6500, 7001, 2
1669272692191080101, 46, 137, 280, 14, 1, 598, 25171, 0, 1935, 1350, 6500, 7001, 2
1669272692194500614, 46, 137, 280, 14, 1, 598, 25171, 0, 1935, 1350, 6500, 7001, 2
1669272692197916491, 46, 137, 280, 14, 1, 598, 25171, 0, 1935, 1350, 6500, 7001, 2
1669272692202622534, 46, 137, 280, 14, 1, 598, 25171, 0, 1935, 1350, 6500, 7001, 2
1669272692206001292, 46, 137, 280, 14, 1, 598, 25171, 0, 1935, 1350, 6500, 7001, 2
1669272692209406879, 46, 137, 280, 14, 1, 598, 25171, 0, 1935, 1350, 6500, 7001, 2
1669272692212873563, 46, 137, 280, 14, 1, 598, 25171, 0, 1935, 1350, 6500, 7001, 2
1669272692216284194, 46, 137, 280, 14, 1, 598, 25171, 0, 1935, 1350, 6500, 7001, 2
1669272692219659339, 46, 137, 280, 14, 1, 598, 25171, 0, 1935, 1350, 6500, 7001, 2
1669272692225208956, 46, 137, 280, 14, 1, 598, 25171, 0, 1935, 1350, 6500, 7001, 2
1669272692228649616, 46, 137, 280, 14, 1, 598, 25171, 0, 1935, 1350, 6500, 7001, 2
1669272692232017885, 46, 137, 280, 14, 1, 598, 25171, 0, 1935, 1350, 6500, 7001, 2
1669272692235584748, 46, 137, 280, 14, 1, 598, 25171, 0, 1935, 1350, 6500, 7001, 2
1669272692238973033, 46, 137, 280, 14, 1, 598, 25171, 0, 1935, 1350, 6500, 7001, 2
1669272692243171394, 46, 137, 280, 14, 1, 598, 25171, 0, 1935, 1350, 6500, 7001, 2
1669272692246566837, 46, 137, 280, 14, 1, 598, 25171, 0, 1935, 1350, 6500, 7001, 2
1669272692250009574, 46, 137, 280, 14, 1, 598, 25171, 0, 1935, 1350, 6500, 7001, 2
1669272692253384095, 46, 137, 280, 14, 1, 598, 25171, 0, 1935, 1350, 6500, 7001, 2
1669272692256897684, 46, 137, 280, 14, 1, 598, 25171, 0, 1935, 1350, 6500, 7001, 2
1669272692260336685, 46, 137, 280, 14, 1, 598, 25171, 0, 1935, 1350, 6500, 7001, 2
1669272692265858538, 46, 137, 280, 14, 1, 598, 25171, 0, 1935, 1350, 6500, 7001, 2
1669272692269268649, 46, 137, 280, 14, 1, 598, 25171, 0, 1935, 1350, 6500, 7001, 2
1669272692272768405, 46, 137, 280, 14, 1, 598, 25171, 0, 1935, 1350, 6500, 7001, 2
1669272692276131246, 46, 137, 280, 14, 1, 598, 25171, 0, 1935, 1350, 6500, 7001, 2
1669272692279463839, 46, 137, 280, 14, 1, 598, 25171, 0, 1935, 1350, 6500, 7001, 2
1669272692282822942, 46, 137, 280, 14, 1, 598, 25171, 0, 1935, 1350, 6500, 7001, 2
1669272692286932893, 46, 137, 280, 14, 1, 598, 25171, 0, 1935, 1350, 6500, 7001, 2
1669272692290282430, 46, 137, 280, 14, 1, 598, 25171, 0, 1935, 1350, 6500, 7001, 2
1669272692294056965, 46, 137, 280, 14, 1, 598, 25171, 0, 1935, 1350, 6500, 7001, 2
1669272692297551429, 46, 137, 280, 14, 1, 598, 25171, 0, 1935, 1350, 6500, 7001, 2
1669272692300905711, 46, 137, 280, 14, 1, 598, 25171, 0, 1935, 1350, 6500, 7001, 2
1669272692306521091, 46, 137, 280, 14, 1, 598, 25171, 0, 1935, 1350, 6500, 7001, 2
1669272692309901124, 46, 137, 280, 14, 1, 598, 25171, 0, 1935, 1350, 6500, 7001, 2
1669272692313278990, 46, 137, 280, 14, 1, 598, 25171, 0, 1935, 1350, 6500, 7001, 2
1669272692316648394, 46, 137, 280, 14, 1, 598, 25171, 0, 1935, 1350, 6500, 7001, 2
1669272692319973394, 46, 137, 280, 14, 1, 598, 25171, 0, 1935, 1350, 6500, 7001, 2
1669272692323474041, 46, 137, 280, 14, 1, 598, 25171, 0, 1935, 1350, 6500, 7001, 2
1669272692327757133, 46, 137, 280, 14, 1, 598, 25171, 0, 1935, 1350, 6500, 7001, 2
1669272692331104097, 46, 137, 280, 14, 1, 598, 25171, 0, 1935, 1350, 6500, 7001, 2
1669272692334540969, 46, 137, 280, 14, 1, 598, 25171, 0, 1935, 1350, 6500, 7001, 2
1669272692338692937, 46, 137, 280, 14, 1, 598, 25171, 0, 1935, 1350, 6500, 7001, 2
1669272692342314646, 46, 137, 280, 14, 1, 598, 25171, 0, 1935, 1350, 6500, 7001, 2
1669272692348218500, 46, 137, 280, 14, 1, 598, 25171, 0, 1935, 1350, 6500, 7001, 2
1669272692351637285, 46, 137, 280, 14, 1, 598, 25171, 0, 1935, 1350, 6500, 7001, 2
1669272692355060985, 46, 137, 280, 14, 1, 598, 25171, 0, 1935, 1350, 6500, 7001, 2
1669272692358431113, 46, 137, 280, 14, 1, 598, 25171, 0, 1935, 1350, 6500, 7001, 2
1669272692361917165, 46, 137, 280, 14, 1, 598, 25171, 0, 1935, 1350, 6500, 7001, 2
1669272692367531357, 46, 137, 280, 14, 1, 598, 25171, 0, 1935, 1350, 6500, 7001, 2
1669272692370850425, 46, 137, 280, 14, 1, 598, 25171, 0, 1935, 1350, 6500, 7001, 2
1669272692374270457, 46, 137, 280, 14, 1, 598, 25171, 0, 1935, 1350, 6500, 7001, 2
1669272692377712664, 46, 137, 280, 14, 1, 598, 25171, 0, 1935, 1350, 6500, 7001, 2
1669272692381173835, 46, 137, 280, 14, 1, 598, 25171, 0, 1935, 1350, 6500, 7001, 2
1669272692384589859, 46, 137, 280, 14, 1, 598, 25171, 0, 1935, 1350, 6500, 7001, 2
1669272692388975692, 46, 137, 280, 14, 1, 598, 25171, 0, 1935, 1350, 6500, 7001, 2
1669272692392368458, 46, 137, 280, 14, 1, 598, 25171, 0, 1935, 1350, 6500, 7001, 2
1669272692396122822, 46, 137, 280, 14, 1, 598, 25171, 0, 1935, 1350, 6500, 7001, 2
1669272692399496322, 46, 137, 280, 14, 1, 598, 25171, 0, 1935, 1350, 6500, 7001, 2
1669272692402931401, 46, 137, 280, 14, 1, 598, 25171, 0, 1935, 1350, 6500, 7001, 2
1669272692408478233, 46, 137, 280, 14, 1, 598, 25171, 0, 1935, 1350, 6500, 7001, 2
1669272692411780592, 46, 137, 280, 14, 1, 598, 25171, 0, 1935, 1350, 6500, 7001, 2
1669272692415094734, 46, 137, 280, 14, 1, 598, 25171, 0, 1935, 1350, 6500, 7001, 2
1669272692418500459, 46, 137, 280, 14, 1, 598, 25171, 0, 1935, 1350, 6500, 7001, 2
1669272692421993872, 46, 137, 280, 14, 1, 598, 25171, 0, 1935, 1350, 6500, 7001, 2
1669272692425492457, 46, 137, 280, 14, 1, 598, 25171, 0, 1935, 1350, 6500, 7001, 2
1669272692429870439, 46, 137, 280, 14, 1, 598, 25171, 0, 1935, 1350, 6500, 7001, 2
1669272692433216002, 46, 137, 280, 14, 1, 598, 25171, 0, 1935, 1350, 6500, 7001, 2
1669272692436547110, 46, 137, 280, 14, 1, 598, 25171, 0, 1935, 1350, 6500, 7001, 2
1669272692440109568, 46, 137, 280, 14, 1, 598, 25171, 0, 1935, 1350, 6500, 7001, 2
1669272692443523073, 46, 137, 280, 14, 1, 598, 25171, 0, 1935, 1350, 6500, 7001, 2
1669272692448560842, 46, 137, 280, 14, 1, 598, 25171, 0, 1935, 1350, 6500, 7001, 2
1669272692451932776, 46, 137, 280, 14, 1, 598, 25171, 0, 1935, 1350, 6500, 7001, 2
1669272692455225454, 46, 137, 280, 14, 1, 598, 25171, 0, 1935, 1350, 6500, 7001, 2
1669272692458552514, 46, 137, 280, 14, 1, 598, 25171, 0, 1935, 1350, 6500, 7001, 2
1669272692461920536, 46, 137, 280, 14, 1, 598, 25171, 0, 1935, 1350, 6500, 7001, 2
1669272692465269188, 46, 137, 280, 14, 1, 598, 25171, 0, 1935, 1350, 6500, 7001, 2
1669272692471093522, 46, 137, 280, 14, 1, 598, 25171, 0, 1935, 1350, 6500, 7001, 2
1669272692474495558, 46, 137, 280, 14, 1, 598, 25171, 0, 1935, 1350, 6500, 7001, 2
1669272692478041496, 46, 137, 280, 14, 1, 598, 25171, 0, 1935, 1350, 6500, 7001, 2
1669272692481396302, 46, 137, 280, 14, 1, 598, 25171, 0, 1935, 1350, 6500, 7001, 2
1669272692484744317, 46, 137, 280, 14, 1, 598, 25171, 0, 1935, 1350, 6500, 7001, 2
1669272692490463714, 46, 137, 280, 14, 1, 598, 25171, 0, 1935, 1350, 6500, 7001, 2
1669272692493783045, 46, 137, 280, 14, 1, 598, 25171, 0, 1935, 1350, 6500, 7001, 2
1669272692497573995, 46, 137, 280, 14, 1, 598, 25171, 0, 1935, 1350, 6500, 7001, 2
1669272692500900539, 46, 137, 280, 14, 1, 598, 25171, 0, 1935, 1350, 6500, 7001, 2
1669272692504228685, 46, 137, 280, 14, 1, 598, 25171, 0, 1935, 1350, 6500, 7001, 2
1669272692507564022, 46, 137, 280, 14, 1, 598, 25171, 0, 1935, 1350, 6500, 7001, 2
1669272692511564959, 46, 137, 280, 14, 1, 598, 25171, 0, 1935, 1350, 6500, 7001, 2
1669272692515073528, 46, 137, 280, 14, 1, 598, 25171, 0, 1935, 1350, 6500, 7001, 2
1669272692518463193, 46, 137, 280, 14, 1, 598, 25171, 0, 1935, 1350, 6500, 7001, 2
1669272692521936232, 46, 137, 280, 14, 1, 598, 25171, 0, 1935, 1350, 6500, 7001, 2
1669272692525399787, 46, 137, 280, 14, 1, 598, 25171, 0, 1935, 1350, 6500, 7001, 2
1669272692530973171, 46, 137, 280, 14, 1, 598, 25171, 0, 1935, 1350, 6500, 7001, 2
1669272692534375672, 46, 137, 280, 14, 1, 598, 25171, 0, 1935, 1350, 6500, 7001, 2
1669272692537904309, 46, 137, 280, 14, 1, 598, 25171, 0, 1935, 1350, 6500, 7001, 2
1669272692542923105, 46, 137, 280, 14, 1, 598, 25171, 0, 1935, 1350, 6500, 7001, 2
1669272692546590199, 46, 137, 280, 14, 1, 598, 25171, 0, 1935, 1350, 6500, 7001, 2
1669272692552293385, 46, 137, 280, 14, 1, 598, 25171, 0, 1935, 1350, 6500, 7001, 2
1669272692555671945, 46, 137, 280, 14, 1, 598, 25171, 0, 1935, 1350, 6500, 7001, 2
1669272692559229849, 46, 137, 280, 14, 1, 598, 25171, 0, 1935, 1350, 6500, 7001, 2
1669272692562665692, 46, 137, 280, 14, 1, 598, 25171, 0, 1935, 1350, 6500, 7001, 2
1669272692566143351, 46, 137, 280, 14, 1, 598, 25171, 0, 1935, 1350, 6500, 7001, 2
1669272692570658707, 46, 137, 280, 14, 1, 598, 25171, 0, 1935, 1350, 6500, 7001, 2
1669272692574041236, 46, 137, 280, 14, 1, 598, 25171, 0, 1935, 1350, 6500, 7001, 2
1669272692577517026, 46, 137, 280, 14, 1, 598, 25171, 0, 1935, 1350, 6500, 7001, 2
1669272692580929833, 46, 137, 280, 14, 1, 598, 25171, 0, 1935, 1350, 6500, 7001, 2
1669272692584407787, 46, 137, 280, 14, 1, 598, 25171, 0, 1935, 1350, 6500, 7001, 2
1669272692587783343, 46, 137, 280, 14, 1, 598, 25171, 0, 1935, 1350, 6500, 7001, 2
1669272692593387190, 46, 137, 280, 14, 1, 598, 25171, 0, 1935, 1350, 6500, 7001, 2
1669272692596944815, 46, 137, 280, 14, 1, 598, 25171, 0, 1935, 1350, 6500, 7001, 2
1669272692600797530, 46, 137, 280, 14, 1, 598, 25171, 0, 1935, 1350, 6500, 7001, 2
1669272692604349444, 46, 137, 280, 14, 1, 598, 25171, 0, 1935, 1350, 6500, 7001, 2
1669272692607969220, 46, 137, 280, 14, 1, 598, 25171, 0, 1935, 1350, 6500, 7001, 2
1669272692613588623, 46, 137, 280, 14, 1, 598, 25171, 0, 1935, 1350, 6500, 7001, 2
1669272692616965411, 46, 137, 280, 14, 1, 598, 25171, 0, 1935, 1350, 6500, 7001, 2
1669272692620417190, 46, 137, 280, 14, 1, 598, 25171, 0, 1935, 1350, 6500, 7001, 2
1669272692623798325, 46, 137, 280, 14, 1, 598, 25171, 0, 1935, 1350, 6500, 7001, 2
1669272692627210931, 46, 137, 280, 14, 1, 598, 25171, 0, 1935, 1350, 6500, 7001, 2
1669272692630634300, 46, 137, 280, 14, 1, 598, 25171, 0, 1935, 1350, 6500, 7001, 2
1669272692634593122, 46, 137, 280, 14, 1, 598, 25171, 0, 1935, 1350, 6500, 7001, 2
1669272692638058425, 46, 137, 280, 14, 1, 598, 25171, 0, 1935, 1350, 6500, 7001, 2
1669272692641621769, 46, 137, 280, 14, 1, 598, 25171, 0, 1935, 1350, 6500, 7001, 2
1669272692644925346, 46, 137, 280, 14, 1, 598, 25171, 0, 1935, 1350, 6500, 7001, 2
1669272692648501619, 46, 137, 280, 14, 1, 598, 25171, 0, 1935, 1350, 6500, 7001, 2
1669272692654163672, 46, 137, 280, 14, 1, 598, 25171, 0, 1935, 1350, 6500, 7001, 2
1669272692657558791, 46, 137, 280, 14, 1, 598, 25171, 0, 1935, 1350, 6500, 7001, 2
1669272692661062354, 46, 137, 280, 14, 1, 598, 25171, 0, 1935, 1350, 6500, 7001, 2
1669272692664522151, 46, 137, 280, 14, 1, 598, 25171, 0, 1935, 1350, 6500, 7001, 2
1669272692667979635, 46, 137, 280, 14, 1, 598, 25171, 0, 1935, 1350, 6500, 7001, 2
1669272692671488671, 46, 137, 280, 14, 1, 598, 25171, 0, 1935, 1350, 6500, 7001, 2
1669272692675445705, 46, 137, 280, 14, 1, 598, 25171, 0, 1935, 1350, 6500, 7001, 2
1669272692678826179, 46, 137, 280, 14, 1, 598, 25171, 0, 1935, 1350, 6500, 7001, 2
1669272692682186698, 46, 137, 280, 14, 1, 598, 25171, 0, 1935, 1350, 6500, 7001, 2
1669272692685597177, 46, 137, 280, 14, 1, 598, 25171, 0, 1935, 1350, 6500, 7001, 2
1669272692689030243, 46, 137, 280, 14, 1, 598, 25171, 0, 1935, 1350, 6500, 7001, 2
1669272692694059280, 46, 137, 280, 14, 1, 598, 25171, 0, 1935, 1350, 6500, 7001, 2
1669272692697461387, 46, 137, 280, 14, 1, 598, 25171, 0, 1935, 1350, 6500, 7001, 2
1669272692700904533, 46, 137, 280, 14, 1, 598, 25171, 0, 1935, 1350, 6500, 7001, 2
1669272692704416921, 46, 137, 280, 14, 1, 598, 25171, 0, 1935, 1350, 6500, 7001, 2
1669272692708021222, 46, 137, 280, 14, 1, 598, 25171, 0, 1935, 1350, 6500, 7001, 2
1669272692711436815, 46, 137, 280, 14, 1, 598, 25171, 0, 1935, 1350, 6500, 7001, 2
1669272692716288410, 46, 137, 280, 14, 1, 598, 25171, 0, 1935, 1350, 6500, 7001, 2
1669272692719659885, 46, 137, 280, 14, 1, 598, 25171, 0, 1935, 1350, 6500, 7001, 2
1669272692723103251, 46, 137, 280, 14, 1, 598, 25171, 0, 1935, 1350, 6500, 7001, 2
1669272692726580359, 46, 137, 280, 14, 1, 598, 25171, 0, 1935, 1350, 6500, 7001, 2
1669272692729978674, 46, 137, 280, 14, 1, 598, 25171, 0, 1935, 1350, 6500, 7001, 2
1669272692735302204, 46, 137, 280, 14, 1, 598, 25171, 0, 1935, 1350, 6500, 7001, 2
1669272692738760604, 46, 137, 280, 14, 1, 598, 25171, 0, 1935, 1350, 6500, 7001, 2
1669272692742252959, 46, 137, 280, 14, 1, 598, 25171, 0, 1935, 1350, 6500, 7001, 2
1669272692747060921, 46, 137, 280, 14, 1, 598, 25171, 0, 1935, 1350, 6500, 7001, 2
1669272692750677383, 46, 137, 280, 14, 1, 598, 25171, 0, 1935, 1350, 6500, 7001, 2
1669272692756242652, 46, 137, 280, 14, 1, 598, 25171, 0, 1935, 1350, 6500, 7001, 2
1669272692759618418, 46, 137, 280, 14, 1, 598, 25171, 0, 1935, 1350, 6500, 7001, 2
1669272692762991190, 46, 137, 280, 14, 1, 598, 25171, 0, 1935, 1350, 6500, 7001, 2
1669272692766377004, 46, 137, 280, 14, 1, 598, 25171, 0, 1935, 1350, 6500, 7001, 2
1669272692769813888, 46, 137, 280, 14, 1, 598, 25171, 0, 1935, 1350, 6500, 7001, 2
1669272692773249347, 46, 137, 280, 14, 1, 598, 25171, 0, 1935, 1350, 6500, 7001, 2
1669272692777847975, 46, 137, 280, 14, 1, 598, 25171, 0, 1935, 1350, 6500, 7001, 2
1669272692781240351, 46, 137, 280, 14, 1, 598, 25171, 0, 1935, 1350, 6500, 7001, 2
1669272692784677548, 46, 137, 280, 14, 1, 598, 25171, 0, 1935, 1350, 6500, 7001, 2
1669272692787977358, 46, 137, 280, 14, 1, 598, 25171, 0, 1935, 1350, 6500, 7001, 2
1669272692791461015, 46, 137, 280, 14, 1, 598, 25171, 0, 1935, 1350, 6500, 7001, 2
1669272692795990085, 46, 137, 280, 14, 1, 598, 25171, 0, 1935, 1350, 6500, 7001, 2
1669272692799229387, 46, 137, 280, 14, 1, 598, 25171, 0, 1935, 1350, 6500, 7001, 2
1669272692802531136, 46, 137, 280, 14, 1, 598, 25171, 0, 1935, 1350, 6500, 7001, 2
1669272692806384630, 46, 137, 280, 14, 1, 598, 25171, 0, 1935, 1350, 6500, 7001, 2
1669272692809757416, 46, 137, 280, 14, 1, 598, 25171, 0, 1935, 1350, 6500, 7001, 2
1669272692813135644, 46, 137, 280, 14, 1, 598, 25171, 0, 1935, 1350, 6500, 7001, 2
1669272692818750230, 46, 137, 280, 14, 1, 598, 25171, 0, 1935, 1350, 6500, 7001, 2
1669272692822049210, 46, 137, 280, 14, 1, 598, 25171, 0, 1935, 1350, 6500, 7001, 2
1669272692825393085, 46, 137, 280, 14, 1, 598, 25171, 0, 1935, 1350, 6500, 7001, 2
1669272692828809683, 46, 137, 280, 14, 1, 598, 25171, 0, 1935, 1350, 6500, 7001, 2
1669272692832280226, 46, 137, 280, 14, 1, 598, 25171, 0, 1935, 1350, 6500, 7001, 2
1669272692835848741, 46, 137, 280, 14, 1, 598, 25171, 0, 1935, 1350, 6500, 7001, 2
1669272692839662124, 46, 137, 280, 14, 1, 598, 25171, 0, 1935, 1350, 6500, 7001, 2
1669272692843085160, 46, 137, 280, 14, 1, 598, 25171, 0, 1935, 1350, 6500, 7001, 2
1669272692846551981, 46, 137, 280, 14, 1, 598, 25171, 0, 1935, 1350, 6500, 7001, 2
1669272692850104309, 46, 137, 280, 14, 1, 598, 25171, 0, 1935, 1350, 6500, 7001, 2
1669272692853574684, 46, 137, 280, 14, 1, 598, 25171, 0, 1935, 1350, 6500, 7001, 2
1669272692858917323, 46, 137, 280, 14, 1, 598, 25171, 0, 1935, 1350, 6500, 7001, 2
1669272692862308610, 46, 137, 280, 14, 1, 598, 25171, 0, 1935, 1350, 6500, 7001, 2
1669272692865784743, 46, 137, 280, 14, 1, 598, 25171, 0, 1935, 1350, 6500, 7001, 2
1669272692869209063, 46, 137, 280, 14, 1, 598, 25171, 0, 1935, 1350, 6500, 7001, 2
1669272692872645385, 46, 137, 280, 14, 1, 598, 25171, 0, 1935, 1350, 6500, 7001, 2
1669272692876049908, 46, 137, 280, 14, 1, 598, 25171, 0, 1935, 1350, 6500, 7001, 2
1669272692880473502, 46, 137, 280, 14, 1, 598, 25171, 0, 1935, 1350, 6500, 7001, 2
1669272692883942735, 46, 137, 280, 14, 1, 598, 25171, 0, 1935, 1350, 6500, 7001, 2
1669272692887341967, 46, 137, 280, 14, 1, 598, 25171, 0, 1935, 1350, 6500, 7001, 2
1669272692890791996, 46, 137, 280, 14, 1, 598, 25171, 0, 1935, 1350, 6500, 7001, 2
1669272692894274836, 46, 137, 280, 14, 1, 598, 25171, 0, 1935, 1350, 6500, 7001, 2
1669272692899764240, 46, 137, 280, 14, 1, 598, 25171, 0, 1935, 1350, 6500, 7001, 2
1669272692903170122, 46, 137, 280, 14, 1, 598, 25171, 0, 1935, 1350, 6500, 7001, 2
1669272692907186208, 46, 137, 280, 14, 1, 598, 25171, 0, 1935, 1350, 6500, 7001, 2
1669272692910553659, 46, 137, 280, 14, 1, 598, 25171, 0, 1935, 1350, 6500, 7001, 2
1669272692914053853, 46, 137, 280, 14, 1, 598, 25171, 0, 1935, 1350, 6500, 7001, 2
1669272692918521694, 46, 137, 280, 14, 1, 598, 25171, 0, 1935, 1350, 6500, 7001, 2
1669272692922027714, 46, 137, 280, 14, 1, 598, 25171, 0, 1935, 1350, 6500, 7001, 2
1669272692925581946, 46, 137, 280, 14, 1, 598, 25171, 0, 1935, 1350, 6500, 7001, 2
1669272692928971403, 46, 137, 280, 14, 1, 598, 25171, 0, 1935, 1350, 6500, 7001, 2
1669272692932540663, 46, 137, 280, 14, 1, 598, 25171, 0, 1935, 1350, 6500, 7001, 2
1669272692935971965, 46, 137, 280, 14, 1, 598, 25171, 0, 1935, 1350, 6500, 7001, 2
1669272692941521166, 46, 137, 280, 14, 1, 598, 25171, 0, 1935, 1350, 6500, 7001, 2
1669272692944909309, 46, 137, 280, 14, 1, 598, 25171, 0, 1935, 1350, 6500, 7001, 2
1669272692948450671, 46, 137, 280, 14, 1, 598, 25171, 0, 1935, 1350, 6500, 7001, 2
1669272692952568762, 46, 137, 280, 14, 1, 598, 25171, 0, 1935, 1350, 6500, 7001, 2
1669272692956129180, 46, 137, 280, 14, 1, 598, 25171, 0, 1935, 1350, 6500, 7001, 2
1669272692961635444, 46, 137, 280, 14, 1, 598, 25171, 0, 1935, 1350, 6500, 7001, 2
1669272692965050250, 46, 137, 280, 14, 1, 598, 25171, 0, 1935, 1350, 6500, 7001, 2
1669272692968497092, 46, 137, 280, 14, 1, 598, 25171, 0, 1935, 1350, 6500, 7001, 2
1669272692971903379, 46, 137, 280, 14, 1, 598, 25171, 0, 1935, 1350, 6500, 7001, 2
1669272692975359990, 46, 137, 280, 14, 1, 598, 25171, 0, 1935, 1350, 6500, 7001, 2
1669272692978749717, 46, 137, 280, 14, 1, 598, 25171, 0, 1935, 1350, 6500, 7001, 2
1669272692982662345, 46, 137, 280, 14, 1, 598, 25171, 0, 1935, 1350, 6500, 7001, 2
1669272692986071785, 46, 137, 280, 14, 1, 598, 25171, 0, 1935, 1350, 6500, 7001, 2
1669272692989449730, 46, 137, 280, 14, 1, 598, 25171, 0, 1935, 1350, 6500, 7001, 2
1669272692992815885, 46, 137, 280, 14, 1, 598, 25171, 0, 1935, 1350, 6500, 7001, 2
1669272692996251420, 46, 137, 280, 14, 1, 598, 25171, 0, 1935, 1350, 6500, 7001, 2
1669272693000602604, 46, 137, 280, 14, 1, 598, 25171, 0, 1935, 1350, 6500, 7001, 2
1669272693003941957, 46, 137, 280, 14, 1, 598, 25171, 0, 1935, 1350, 6500, 7001, 2
1669272693007355246, 46, 137, 280, 14, 1, 598, 25171, 0, 1935, 1350, 6500, 7001, 2
1669272693011407740, 46, 137, 280, 14, 1, 598, 25171, 0, 1935, 1350, 6500, 7001, 2
1669272693014869579, 46, 137, 280, 14, 1, 598, 25171, 0, 1935, 1350, 6500, 7001, 2
1669272693018397849, 46, 137, 280, 14, 1, 598, 25171, 0, 1935, 1350, 6500, 7001, 2
1669272693024250886, 46, 137, 280, 14, 1, 598, 25171, 0, 1935, 1350, 6500, 7001, 2
1669272693027594174, 46, 137, 280, 14, 1, 598, 25171, 0, 1935, 1350, 6500, 7001, 2
1669272693031001793, 46, 137, 280, 14, 1, 598, 25171, 0, 1935, 1350, 6500, 7001, 2
1669272693034405721, 46, 137, 280, 14, 1, 598, 25171, 0, 1935, 1350, 6500, 7001, 2
1669272693037906133, 46, 137, 280, 14, 1, 598, 25171, 0, 1935, 1350, 6500, 7001, 2
1669272693043420100, 46, 137, 280, 14, 1, 598, 25171, 0, 1935, 1350, 6500, 7001, 2
1669272693046803949, 46, 137, 280, 14, 1, 598, 25171, 0, 1935, 1350, 6500, 7001, 2
1669272693050311719, 46, 137, 280, 14, 1, 598, 25171, 0, 1935, 1350, 6500, 7001, 2
1669272693054124684, 46, 137, 280, 14, 1, 598, 25171, 0, 1935, 1350, 6500, 7001, 2
1669272693057534537, 46, 137, 280, 14, 1, 598, 25171, 0, 1935, 1350, 6500, 7001, 2
1669272693060915999, 46, 137, 280, 14, 1, 598, 25171, 0, 1935, 1350, 6500, 7001, 2
1669272693065230589, 46, 137, 280, 14, 1, 598, 25171, 0, 1935, 1350, 6500, 7001, 2
1669272693068727370, 46, 137, 280, 14, 1, 598, 25171, 0, 1935, 1350, 6500, 7001, 2
1669272693072145721, 46, 137, 280, 14, 1, 598, 25171, 0, 1935, 1350, 6500, 7001, 2
1669272693075638879, 46, 137, 280, 14, 1, 598, 25171, 0, 1935, 1350, 6500, 7001, 2
1669272693079059437, 46, 137, 280, 14, 1, 598, 25171, 0, 1935, 1350, 6500, 7001, 2
1669272693084912263, 46, 137, 280, 14, 1, 598, 25171, 0, 1935, 1350, 6500, 7001, 2
1669272693088398010, 46, 137, 280, 14, 1, 598, 25171, 0, 1935, 1350, 6500, 7001, 2
1669272693091809726, 46, 137, 280, 14, 1, 598, 25171, 0, 1935, 1350, 6500, 7001, 2
1669272693095216410, 46, 137, 280, 14, 1, 598, 25171, 0, 1935, 1350, 6500, 7001, 2
1669272693098597168, 46, 137, 280, 14, 1, 598, 25171, 0, 1935, 1350, 6500, 7001, 2
1669272693102113177, 46, 137, 280, 14, 1, 598, 25171, 0, 1935, 1350, 6500, 7001, 2
1669272693106153120, 46, 137, 280, 14, 1, 598, 25171, 0, 1935, 1350, 6500, 7001, 2
1669272693109566565, 46, 137, 280, 14, 1, 598, 25171, 0, 1935, 1350, 6500, 7001, 2
1669272693113466803, 46, 137, 280, 14, 1, 598, 25171, 0, 1935, 1350, 6500, 7001, 2
1669272693116823215, 46, 137, 280, 14, 1, 598, 25171, 0, 1935, 1350, 6500, 7001, 2
1669272693120526657, 46, 137, 280, 14, 1, 598, 25171, 0, 1935, 1350, 6500, 7001, 2
1669272693126231313, 46, 137, 280, 14, 1, 598, 25171, 0, 1935, 1350, 6500, 7001, 2
1669272693129580750, 46, 137, 280, 14, 1, 598, 25171, 0, 1935, 1350, 6500, 7001, 2
1669272693132995694, 46, 137, 280, 14, 1, 598, 25171, 0, 1935, 1350, 6500, 7001, 2
1669272693136440502, 46, 137, 280, 14, 1, 598, 25171, 0, 1935, 1350, 6500, 7001, 2
1669272693139750036, 46, 137, 280, 14, 1, 598, 25171, 0, 1935, 1350, 6500, 7001, 2
1669272693143089540, 46, 137, 280, 14, 1, 598, 25171, 0, 1935, 1350, 6500, 7001, 2
1669272693146886016, 46, 137, 280, 14, 1, 598, 25171, 0, 1935, 1350, 6500, 7001, 2
1669272693150270467, 46, 137, 280, 14, 1, 598, 25171, 0, 1935, 1350, 6500, 7001, 2
1669272693153588525, 46, 137, 280, 14, 1, 598, 25171, 0, 1935, 1350, 6500, 7001, 2
1669272693157688922, 46, 137, 280, 14, 1, 598, 25171, 0, 1350, 1350, 6500, 7001, 2
1669272693179699464, 46, 137, 280, 0, 0, 598, 25171, 0, 1350, 1350, 6500, 7001, 2
1669272693197538970, 46, 137, 280, 0, 0, 598, 25171, 0, 1350, 1350, 6500, 7001, 2
1669272693213853869, 45, 137, 280, 0, 0, 598, 25171, 0, 1350, 1350, 6500, 7001, 2
1669272693231117215, 45, 137, 280, 0, 0, 598, 25171, 0, 1350, 1350, 6500, 7001, 2
1669272693249150329, 45, 137, 280, 0, 0, 598, 25171, 0, 1350, 1350, 6500, 7001, 2
1669272693268357479, 45, 84, 280, 0, 0, 598, 25171, 0, 1350, 1350, 6500, 7001, 2
1669272693288793736, 45, 84, 280, 0, 0, 598, 25171, 0, 1350, 1350, 6500, 7001, 2
1669272693306061634, 45, 84, 280, 0, 0, 598, 25171, 0, 1350, 1350, 6500, 7001, 2
1669272693323710836, 45, 84, 280, 0, 0, 598, 25171, 0, 1350, 1350, 6500, 7001, 2
1669272693343172511, 45, 84, 280, 0, 0, 598, 25171, 0, 1350, 1350, 6500, 7001, 2
1669272693362149106, 45, 75, 280, 0, 0, 598, 25171, 0, 1350, 1350, 6500, 7001, 2
1669272693382292533, 45, 75, 280, 0, 0, 598, 25171, 0, 1350, 1350, 6500, 7001, 2
1669272693400394052, 44, 75, 280, 0, 0, 598, 25171, 0, 1350, 1350, 6500, 7001, 2
1669272693417914909, 45, 75, 280, 0, 0, 598, 25171, 0, 1350, 1350, 6500, 7001, 2
1669272693435051386, 44, 75, 280, 0, 0, 598, 25171, 0, 1350, 1350, 6500, 7001, 2
1669272693452147108, 44, 75, 280, 0, 0, 598, 25171, 0, 1350, 1350, 6500, 7001, 2
1669272693468489835, 44, 75, 280, 0, 0, 598, 25171, 0, 1350, 1350, 6500, 7001, 2
1669272693485652626, 44, 75, 280, 0, 0, 598, 25171, 0, 1350, 1350, 6500, 7001, 2
1669272693504427306, 44, 75, 280, 0, 0, 598, 25171, 0, 1350, 1350, 6500, 7001, 2
1669272693522582036, 44, 75, 280, 0, 0, 598, 25171, 0, 1350, 1350, 6500, 7001, 2
1669272693539593333, 44, 75, 280, 0, 0, 598, 25171, 0, 1350, 1350, 6500, 7001, 2
1669272693556832350, 44, 75, 280, 0, 0, 598, 25171, 0, 1350, 1350, 6500, 7001, 2
1669272693575317014, 44, 75, 280, 0, 0, 598, 25171, 0, 1350, 1350, 6500, 7001, 2
1669272693594078961, 44, 75, 280, 0, 0, 598, 25171, 0, 1350, 1350, 6500, 7001, 2
1669272693611620693, 44, 75, 280, 0, 0, 598, 25171, 0, 1350, 1350, 6500, 7001, 2
1669272693629544102, 44, 75, 280, 0, 0, 598, 25171, 0, 1350, 1350, 6500, 7001, 2
1669272693649769019, 44, 75, 280, 0, 0, 598, 25171, 0, 1350, 1350, 6500, 7001, 2
1669272693669604673, 44, 75, 280, 0, 0, 598, 25171, 0, 1350, 1350, 6500, 7001, 2
1669272693689275621, 44, 75, 280, 0, 0, 598, 25171, 0, 1350, 1350, 6500, 7001, 2
1669272693708414278, 44, 75, 280, 0, 0, 598, 25171, 0, 1350, 1350, 6500, 7001, 2
1669272693727056853, 44, 75, 280, 0, 0, 598, 25171, 0, 1350, 1350, 6500, 7001, 2
1669272693744275821, 44, 75, 280, 0, 0, 598, 25171, 0, 1350, 1350, 6500, 7001, 2
1669272693760711744, 44, 75, 280, 0, 0, 598, 25171, 0, 1350, 1350, 6500, 7001, 2
1669272693778343580, 44, 75, 280, 0, 0, 598, 25171, 0, 1350, 1350, 6500, 7001, 2
1669272693796007220, 44, 75, 280, 0, 0, 598, 25171, 0, 1350, 1350, 6500, 7001, 2
1669272693812386271, 44, 75, 280, 0, 0, 598, 25171, 0, 1350, 1350, 6500, 7001, 2
